# Longitude, Latitude, Altitude, Roll, Pitch, Yaw
356.8915,761.8942,609.9889,1.5708,0.0000,-3.5536
354.8891,757.3127,609.9889,1.5708,0.0000,-3.5536
352.8867,752.7312,609.9889,1.5708,0.0000,-3.5536
350.7241,747.7831,609.9889,1.5708,0.0000,-3.5536
348.5615,742.8351,609.9889,1.5708,0.0000,-3.5536
346.6392,738.4368,609.9889,1.5708,0.0000,-3.5536
344.5567,733.6720,609.9889,1.5708,0.0000,-3.5536
342.4742,728.9072,609.9889,1.5708,0.0000,-3.5536
340.3917,724.1424,609.9889,1.5708,0.0000,-3.5536
338.3093,719.3776,609.9889,1.5708,0.0000,-3.5536
336.2268,714.6128,609.9889,1.5708,0.0000,-3.5536
334.1443,709.8481,609.9889,1.5708,0.0000,-3.5536
332.3021,705.6330,609.9889,1.5708,0.0000,-3.5536
330.2997,701.0515,609.9889,1.5708,0.0000,-3.5536
328.2973,696.4700,609.9889,1.5708,0.0000,-3.5536
326.1347,691.5219,609.9889,1.5708,0.0000,-3.5536
324.2124,687.1237,609.9889,1.5708,0.0000,-3.5536
322.2901,682.7254,609.9889,1.5708,0.0000,-3.5536
320.3678,678.3271,609.9889,1.5708,0.0000,-3.5536
318.2853,673.5623,609.9889,1.5708,0.0000,-3.5536
316.2028,668.7976,609.9889,1.5708,0.0000,-3.5536
314.3606,664.5826,609.9889,1.5708,0.0000,-3.5536
312.3582,660.0010,609.9889,1.5708,0.0000,-3.5536
310.1956,655.0530,609.9889,1.5708,0.0000,-3.5536
308.2733,650.6547,609.9889,1.5708,0.0000,-3.5536
306.1908,645.8899,609.9889,1.5708,0.0000,-3.5536
304.1083,641.1251,609.9889,1.5708,0.0000,-3.5536
301.8656,635.9938,609.9889,1.5708,0.0000,-3.5536
299.4627,630.4960,609.9889,1.5708,0.0000,-3.5536
297.0599,624.9981,609.9889,1.5708,0.0000,-3.5536
294.6570,619.5003,609.9889,1.5708,0.0000,-3.5536
292.0939,613.6360,609.9889,1.5708,0.0000,-3.5536
289.7711,608.3214,609.9889,1.5708,0.0000,-3.5536
287.2882,602.6403,609.9889,1.5708,0.0000,-3.5536
284.8052,596.9592,609.9889,1.5708,0.0000,-3.5536
282.3222,591.2781,609.9889,1.5708,0.0000,-3.5536
279.8393,585.5970,609.9889,1.5708,0.0000,-3.5536
277.1961,579.5494,609.9889,1.5708,0.0000,-3.5536
274.3927,573.1352,609.9889,1.5708,0.0000,-3.5536
271.5894,566.7211,609.9889,1.5708,0.0000,-3.5536
268.7860,560.3070,609.9889,1.5708,0.0000,-3.5536
265.9827,553.8928,609.9889,1.5708,0.0000,-3.5536
263.1793,547.4787,609.9889,1.5708,0.0000,-3.5536
260.3760,541.0645,609.9889,1.5708,0.0000,-3.5536
257.8129,535.2002,609.9889,1.5708,0.0000,-3.5536
255.2498,529.3358,609.9889,1.5708,0.0000,-3.5536
252.6867,523.4715,609.9889,1.5708,0.0000,-3.5536
250.3640,518.1569,609.9889,1.5708,0.0000,-3.5536
247.8810,512.4758,609.9889,1.5708,0.2443,-3.5576
245.3756,506.8045,609.9889,1.5708,0.2443,-3.5615
242.8479,501.1432,609.9889,1.5708,0.2443,-3.5655
240.1334,495.1273,609.9889,1.5708,0.4887,-3.5734
237.3713,489.1330,609.9889,1.5708,0.4887,-3.5813
234.3918,482.7988,609.9889,1.5708,0.4887,-3.5887
231.3651,476.4870,609.9889,1.5708,0.4887,-3.5962
228.2915,470.1979,609.9889,1.5708,0.4887,-3.6036
225.1711,463.9319,609.9889,1.5708,0.4887,-3.6111
222.0041,457.6892,609.9889,1.5708,0.4887,-3.6185
219.0661,452.0035,609.9889,1.5708,0.4887,-3.6267
216.3616,446.8726,609.9889,1.5708,0.4887,-3.6357
213.6111,441.7662,609.9889,1.5708,0.4887,-3.6447
210.8148,436.6848,609.9889,1.5708,0.4887,-3.6537
207.7769,431.2801,609.9889,1.5708,0.4887,-3.6621
204.6937,425.9011,609.9889,1.5708,0.4887,-3.6705
201.5653,420.5482,609.9889,1.5708,0.7330,-3.6847
198.3610,415.2405,609.9889,1.5708,0.7330,-3.6990
194.8697,409.6395,609.9889,1.5708,0.7330,-3.7124
191.0878,403.7491,609.9889,1.5708,0.7330,-3.7250
187.2318,397.9069,609.9889,1.5708,0.7330,-3.7376
183.6392,392.6103,609.9889,1.5708,0.7330,-3.7514
179.9738,387.3639,609.9889,1.5708,0.7330,-3.7652
176.0028,381.8438,609.9889,1.5708,0.7330,-3.7782
171.9605,376.3758,609.9889,1.5708,0.7330,-3.7912
167.7264,370.8015,609.9889,1.5708,0.7330,-3.8038
163.4224,365.2810,609.9889,1.5708,0.7330,-3.8164
159.0491,359.8153,609.9889,1.5708,0.7330,-3.8290
154.6071,354.4053,609.9889,1.5708,0.7330,-3.8417
150.4838,349.5105,609.9889,1.5708,0.7330,-3.8555
146.0314,344.3709,609.9889,1.5708,0.7330,-3.8684
141.9114,339.7378,609.9889,1.5708,0.7330,-3.8827
137.4557,334.8688,609.9889,1.5708,0.7330,-3.8961
132.6613,329.7684,609.9889,1.5708,0.7330,-3.9087
127.8029,324.7290,609.9889,1.5708,0.7330,-3.9213
122.8813,319.7512,609.9889,1.5708,0.7330,-3.9339
117.8973,314.8360,609.9889,1.5708,0.9774,-3.9547
112.8123,310.0253,609.9889,1.5708,0.9774,-3.9755
107.6284,305.3213,609.9889,1.5708,0.9774,-3.9963
102.3479,300.7261,609.9889,1.5708,0.9774,-4.0170
96.9731,296.2415,609.9889,1.5708,1.2217,-4.0555
91.4296,291.9672,609.9889,1.5708,1.2217,-4.0941
85.7257,287.9094,609.9889,1.5708,1.2217,-4.1326
79.8699,284.0742,609.9889,1.5708,1.2217,-4.1711
73.8707,280.4673,609.9889,1.5708,1.2217,-4.2096
67.7371,277.0939,609.9889,1.5708,1.2217,-4.2481
61.4783,273.9592,609.9889,1.5708,1.2217,-4.2866
55.6498,271.3156,609.9889,1.5708,1.2217,-4.3287
50.2715,269.1443,609.9889,1.5708,1.2217,-4.3752
44.7982,267.2252,609.9889,1.5708,1.2217,-4.4216
39.2417,265.5624,609.9889,1.5708,1.2217,-4.4681
33.6139,264.1596,609.9889,1.5708,1.2217,-4.5146
27.9270,263.0197,609.9889,1.5708,1.2217,-4.5610
22.1933,262.1452,609.9889,1.5708,1.2217,-4.6075
16.4252,261.5380,609.9889,1.5708,1.2217,-4.6540
10.6351,261.1993,609.9889,1.5708,1.2217,-4.7004
5.4355,261.1372,609.9889,1.5708,1.2217,-4.7523
0.8391,261.3207,609.9889,1.5708,1.2217,-4.8109
-3.7386,261.7730,609.9889,1.5708,1.2217,4.8695
0.8048,262.4925,609.9889,1.5708,1.2217,-1.4723
5.7806,262.9842,609.9889,1.5708,1.2217,-1.5262
11.1752,263.2248,609.9889,1.5708,1.2217,-1.5761
15.9751,263.1992,609.9889,1.5708,1.2217,-1.6323
21.1653,262.8796,609.9889,1.5708,1.2217,-1.6841
26.3319,262.2916,609.9889,1.5708,1.2217,-1.7359
31.4612,261.4368,609.9889,1.5708,1.2217,-1.7878
35.9533,260.4464,609.9889,1.5708,1.2217,-1.8464
40.3798,259.1948,609.9889,1.5708,1.2217,-1.9050
44.7253,257.6860,609.9889,1.5708,1.2217,-1.9636
49.3446,255.7723,609.9889,1.5708,1.2217,-2.0175
53.8540,253.6125,609.9889,1.5708,1.2217,-2.0714
58.5915,251.0209,609.9889,1.5708,1.2217,-2.1213
63.5347,247.9869,609.9889,1.5708,1.2217,-2.1678
68.3315,244.7265,609.9889,1.5708,1.2217,-2.2142
72.9718,241.2469,609.9889,1.5708,1.2217,-2.2607
77.7539,237.3009,609.9889,1.5708,1.2217,-2.3042
82.3601,233.1507,609.9889,1.5708,1.2217,-2.3476
86.7815,228.8043,609.9889,1.5708,1.2217,-2.3911
91.0098,224.2699,609.9889,1.5708,1.2217,-2.4346
95.0371,219.5560,609.9889,1.5708,1.2217,-2.4781
98.4862,215.1442,609.9889,1.5708,1.2217,-2.5262
101.3727,211.0615,609.9889,1.5708,1.2217,-2.5801
104.2479,206.4907,609.9889,1.5708,1.2217,-2.6300
106.8916,201.7820,609.9889,1.5708,1.2217,-2.6799
109.0297,197.4846,609.9889,1.5708,1.2217,-2.7361
110.9233,193.0739,609.9889,1.5708,1.2217,-2.7922
112.5664,188.5638,609.9889,1.5708,1.2217,-2.8484
113.7804,184.5431,609.9889,1.5708,1.2217,-2.9125
114.5978,181.0371,609.9889,1.5708,1.2217,-2.9874
115.2121,177.0846,609.9889,1.5708,1.2217,-3.0548
115.5588,173.0996,609.9889,1.5708,1.2217,-3.1222
115.6248,169.7003,609.9889,1.5708,1.2217,-3.2014
115.3975,165.9071,609.9889,1.5708,1.2217,-3.2724
114.8498,161.7430,609.9889,1.5708,1.2217,-3.3365
114.0362,157.6225,609.9889,1.5708,1.2217,-3.4007
112.9599,153.5627,609.9889,1.5708,1.2217,-3.4649
111.8162,150.1493,609.9889,1.5708,1.2217,-3.5398
110.4204,146.8309,609.9889,1.5708,1.2217,-3.6146
109.0536,144.1603,609.9889,1.5708,1.2217,-3.7045
107.4527,141.6232,609.9889,1.5708,1.2217,-3.7943
105.3877,138.9221,609.9889,1.5708,1.2217,-3.8736
103.1153,136.3930,609.9889,1.5708,1.2217,-3.9529
100.6497,134.0519,609.9889,1.5708,1.2217,-4.0321
98.0065,131.9133,609.9889,1.5708,1.2217,-4.1114
95.5322,130.2170,609.9889,1.5708,1.2217,-4.2013
92.9156,128.7495,609.9889,1.5708,1.2217,-4.2911
90.1779,127.5226,609.9889,1.5708,1.2217,-4.3809
86.9630,126.4162,609.9889,1.5708,1.2217,-4.4602
84.0579,125.6677,609.9889,1.5708,1.2217,-4.5501
81.0973,125.1828,609.9889,1.5708,1.2217,-4.6399
78.1052,124.9655,609.9889,1.5708,1.2217,-4.7297
74.7057,125.0245,609.9889,1.5708,1.2217,-4.8090
70.9234,125.3911,609.9889,1.5708,1.2217,-4.8799
66.7822,126.0915,609.9889,1.5708,1.2217,-4.9441
62.3052,127.1479,609.9889,1.5708,1.2217,-5.0027
57.8977,128.4647,609.9889,1.5708,1.2217,-5.0613
54.1387,129.8322,609.9889,1.5708,1.2217,-5.1287
50.4803,131.4497,609.9889,1.5708,1.2217,-5.1961
46.5850,133.4958,609.9889,1.5708,1.2217,-5.2573
42.8223,135.7766,609.9889,1.5708,1.2217,-5.3186
38.8775,138.5113,609.9889,1.5708,1.2217,-5.3747
35.5656,141.0942,609.9889,1.5708,1.2217,-5.4389
32.4261,143.8841,609.9889,1.5708,1.2217,-5.5031
29.8940,146.4431,609.9889,1.5708,1.2217,-5.5779
27.3011,149.4889,609.9889,1.5708,1.2217,-5.6453
24.9192,152.7024,609.9889,1.5708,1.2217,-5.7127
22.5431,156.4056,609.9889,1.5708,1.2217,-5.7740
20.2031,160.5966,609.9889,1.5708,1.2217,-5.8301
18.3646,164.3729,609.9889,1.5708,1.2217,-5.8943
16.7721,168.2592,609.9889,1.5708,1.2217,-5.9585
15.3045,172.6188,609.9889,1.5708,1.2217,-6.0171
14.2524,176.4780,609.9889,1.5708,1.2217,-6.0844
13.3837,180.7914,609.9889,1.5708,1.2217,-6.1457
12.7258,185.5461,609.9889,1.5708,1.2217,-6.2018
12.3358,190.3302,609.9889,1.5708,1.2217,-6.2580
12.2149,195.1287,609.9889,1.5708,1.2217,-0.0310
12.3634,199.9264,609.9889,1.5708,1.2217,-0.0871
12.7289,204.1105,609.9889,1.5708,1.2217,-0.1513
13.3618,208.2625,609.9889,1.5708,1.2217,-0.2155
14.1315,211.7793,609.9889,1.5708,1.2217,-0.2903
14.9903,214.6537,609.9889,1.5708,1.2217,-0.3802
16.1035,217.4395,609.9889,1.5708,1.2217,-0.4700
17.6434,220.4708,609.9889,1.5708,1.2217,-0.5493
19.6273,223.7118,609.9889,1.5708,1.2217,-0.6202
21.8359,226.8041,609.9889,1.5708,1.2217,-0.6911
24.2580,229.7321,609.9889,1.5708,1.2217,-0.7621
27.1578,232.7704,609.9889,1.5708,1.2217,-0.8262
30.5406,235.8876,609.9889,1.5708,1.2217,-0.8848
34.4096,239.0546,609.9889,1.5708,1.2217,-0.9387
38.7664,242.2450,609.9889,1.5708,1.2217,-0.9887
43.6111,245.4339,609.9889,1.5708,1.2217,-1.0351
48.0827,248.0881,609.9889,1.5708,1.2217,-1.0870
52.6858,250.5070,609.9889,1.5708,1.2217,-1.1388
57.4081,252.6843,609.9889,1.5708,1.2217,-1.1906
62.6083,254.7623,609.9889,1.5708,1.2217,-1.2388
67.9024,256.5878,609.9889,1.5708,1.2217,-1.2869
73.2782,258.1565,609.9889,1.5708,1.2217,-1.3350
78.7232,259.4647,609.9889,1.5708,1.2217,-1.3831
84.6179,260.5840,609.9889,1.5708,1.2217,-1.4281
89.9630,261.3522,609.9889,1.5708,1.2217,-1.4780
95.3397,261.8527,609.9889,1.5708,1.2217,-1.5279
100.7348,262.0843,609.9889,1.5708,1.2217,-1.5778
106.1346,262.0465,609.9889,1.5708,1.2217,-1.6277
111.5259,261.7393,609.9889,1.5708,1.2217,-1.6776
117.2928,261.1209,609.9889,1.5708,1.2217,-1.7241
123.0248,260.2353,609.9889,1.5708,1.2217,-1.7706
128.1214,259.2034,609.9889,1.5708,1.2217,-1.8224
132.5766,258.0582,609.9889,1.5708,1.2217,-1.8810
136.9570,256.6541,609.9889,1.5708,1.2217,-1.9396
141.2477,254.9958,609.9889,1.5708,1.2217,-1.9982
145.4340,253.0892,609.9889,1.5708,1.2217,-2.0568
149.5014,250.9407,609.9889,1.5708,1.2217,-2.1154
153.7782,248.3505,609.9889,1.5708,1.2217,-2.1693
157.9092,245.5336,609.9889,1.5708,1.2217,-2.2232
162.2002,242.2554,609.9889,1.5708,1.2217,-2.2731
166.3224,238.7671,609.9889,1.5708,1.2217,-2.3230
170.5575,234.8043,609.9889,1.5708,1.2217,-2.3695
174.6039,230.6490,609.9889,1.5708,1.2217,-2.4159
178.4530,226.3102,609.9889,1.5708,1.2217,-2.4624
182.0963,221.7973,609.9889,1.5708,1.2217,-2.5089
185.1712,217.6039,609.9889,1.5708,1.2217,-2.5607
188.0248,213.2568,609.9889,1.5708,1.2217,-2.6125
190.8512,208.4224,609.9889,1.5708,1.2217,-2.6607
193.4417,203.4576,609.9889,1.5708,1.2217,-2.7088
195.5387,198.9186,609.9889,1.5708,1.2217,-2.7627
197.3882,194.2732,609.9889,1.5708,1.2217,-2.8166
198.9846,189.5350,609.9889,1.5708,1.2217,-2.8705
200.1628,185.2956,609.9889,1.5708,1.2217,-2.9318
201.0792,180.9921,609.9889,1.5708,1.2217,-2.9930
201.7305,176.6406,609.9889,1.5708,1.2217,-3.0543
202.0618,172.8551,609.9889,1.5708,1.2217,-3.1252
202.1240,169.0556,609.9889,1.5708,1.2217,-3.1961
201.9168,165.2612,609.9889,1.5708,1.2217,-3.2671
201.4413,161.4911,609.9889,1.5708,1.2217,-3.3380
200.8168,158.3526,609.9889,1.5708,1.2217,-3.4222
199.9305,155.2778,609.9889,1.5708,1.2217,-3.5065
198.6460,151.9148,609.9889,1.5708,1.2217,-3.5813
196.9432,148.2953,609.9889,1.5708,1.2217,-3.6487
194.8063,144.4491,609.9889,1.5708,1.2217,-3.7100
192.7609,141.2465,609.9889,1.5708,1.2217,-3.7809
190.2550,137.8759,609.9889,1.5708,1.2217,-3.8451
187.2794,134.3680,609.9889,1.5708,1.2217,-3.9037
184.1035,131.0403,609.9889,1.5708,1.2217,-3.9623
181.1771,128.3133,609.9889,1.5708,1.2217,-4.0296
178.0738,125.7896,609.9889,1.5708,1.2217,-4.0970
174.4809,123.2496,609.9889,1.5708,1.2217,-4.1583
170.7393,120.9344,609.9889,1.5708,1.2217,-4.2195
166.5106,118.6633,609.9889,1.5708,1.2217,-4.2757
161.7987,116.4639,609.9889,1.5708,1.2217,-4.3275
156.9791,114.5115,609.9889,1.5708,1.2217,-4.3793
152.6318,113.0077,609.9889,1.5708,1.2217,-4.4379
148.2040,111.7610,609.9889,1.5708,1.2217,-4.4965
143.7108,110.7757,609.9889,1.5708,1.2217,-4.5551
139.7601,110.1492,609.9889,1.5708,1.2217,-4.6225
136.3738,109.8440,609.9889,1.5708,1.2217,-4.7018
132.9740,109.8080,609.9889,1.5708,1.2217,-4.7810
129.1830,110.0687,609.9889,1.5708,1.2217,-4.8520
126.0141,110.5139,609.9889,1.5708,1.2217,-4.9362
123.0889,111.1797,609.9889,1.5708,1.2217,-5.0260
120.2353,112.1054,609.9889,1.5708,1.2217,-5.1159
117.4762,113.2833,609.9889,1.5708,1.2217,-5.2057
114.4817,114.8934,609.9889,1.5708,1.2217,-5.2850
111.6240,116.7357,609.9889,1.5708,1.2217,-5.3643
108.6032,119.0411,609.9889,1.5708,1.2217,-5.4352
105.7535,121.5548,609.9889,1.5708,1.2217,-5.5061
103.5097,123.8363,609.9889,1.5708,1.2217,-5.5904
101.4658,126.2986,609.9889,1.5708,1.2217,-5.6746
99.7506,128.7599,609.9889,1.5708,1.2217,-5.7644
98.0649,131.7126,609.9889,1.5708,1.2217,-5.8437
96.4481,135.1515,609.9889,1.5708,1.2217,-5.9146
95.0791,138.6963,609.9889,1.5708,1.2217,-5.9856
93.8475,142.7117,609.9889,1.5708,1.2217,-6.0497
92.8759,146.7977,609.9889,1.5708,1.2217,-6.1139
92.1009,151.3320,609.9889,1.5708,1.2217,-6.1725
91.5928,155.9038,609.9889,1.5708,1.2217,-6.2311
91.3533,160.4976,609.9889,1.5708,1.2217,-0.0065
91.3832,165.0975,609.9889,1.5708,1.2217,-0.0651
91.6824,169.6878,609.9889,1.5708,1.2217,-0.1237
92.2499,174.2526,609.9889,1.5708,1.2217,-0.1823
93.1563,179.1698,609.9889,1.5708,1.2217,-0.2362
94.1858,183.4476,609.9889,1.5708,1.2217,-0.2974
95.5926,188.0369,609.9889,1.5708,1.2217,-0.3536
97.0469,191.9770,609.9889,1.5708,1.2217,-0.4178
98.9133,196.1814,609.9889,1.5708,1.2217,-0.4764
101.0226,200.2693,609.9889,1.5708,1.2217,-0.5350
103.3676,204.2266,609.9889,1.5708,1.2217,-0.5935
105.9404,208.0399,609.9889,1.5708,1.2217,-0.6521
108.9749,212.0138,609.9889,1.5708,1.2217,-0.7060
112.4785,216.1229,609.9889,1.5708,1.2217,-0.7560
115.7713,219.6154,609.9889,1.5708,1.2217,-0.8121
119.2548,222.9177,609.9889,1.5708,1.2217,-0.8683
123.2235,226.2777,609.9889,1.5708,1.2217,-0.9201
127.6792,229.6699,609.9889,1.5708,1.2217,-0.9682
131.7986,232.5037,609.9889,1.5708,1.2217,-1.0221
136.0647,235.1115,609.9889,1.5708,1.2217,-1.0760
140.8171,237.6755,609.9889,1.5708,1.2217,-1.1259
146.0526,240.1714,609.9889,1.5708,1.2217,-1.1724
151.3984,242.4214,609.9889,1.5708,1.2217,-1.2189
156.8430,244.4206,609.9889,1.5708,1.2217,-1.2654
162.3745,246.1647,609.9889,1.5708,1.2217,-1.3118
167.9811,247.6500,609.9889,1.5708,1.2217,-1.3583
173.6506,248.8733,609.9889,1.5708,1.2217,-1.4048
178.7791,249.7327,609.9889,1.5708,1.2217,-1.4566
183.9453,250.3252,609.9889,1.5708,1.2217,-1.5084
189.5344,250.6742,609.9889,1.5708,1.2217,-1.5566
195.5338,250.7596,609.9889,1.5708,1.2217,-1.6015
201.9307,250.5633,609.9889,1.5708,1.2217,-1.6436
208.3138,250.0978,609.9889,1.5708,1.2217,-1.6857
215.0689,249.3181,609.9889,1.5708,1.2217,-1.7253
221.7879,248.2713,609.9889,1.5708,1.2217,-1.7650
228.4601,246.9592,609.9889,1.5708,1.2217,-1.8046
235.0751,245.3836,609.9889,1.5708,1.2217,-1.8443
241.6224,243.5472,609.9889,1.5708,1.2217,-1.8839
248.0918,241.4528,609.9889,1.5708,1.2217,-1.9235
254.6608,239.0345,609.9889,1.5708,1.2217,-1.9620
260.5772,236.5940,609.9889,1.5708,1.2217,-2.0041
265.8411,234.1585,609.9889,1.5708,1.2217,-2.0506
270.4539,231.7581,609.9889,1.5708,1.2217,-2.1024
275.2810,228.9191,609.9889,1.5708,1.2217,-2.1506
279.4639,226.1799,609.9889,1.5708,1.2217,-2.2045
283.4931,223.2193,609.9889,1.5708,1.2217,-2.2584
286.8933,220.4267,609.9889,1.5708,1.2217,-2.3196
290.4092,217.1589,609.9889,1.5708,1.2217,-2.3758
293.3203,214.1314,609.9889,1.5708,1.2217,-2.4400
296.2894,210.6180,609.9889,1.5708,1.2217,-2.4986
299.2875,206.6166,609.9889,1.5708,1.2217,-2.5525
302.0657,202.4594,609.9889,1.5708,1.2217,-2.6064
304.3098,198.6747,609.9889,1.5708,1.2217,-2.6676
306.0442,195.2936,609.9889,1.5708,1.2217,-2.7386
307.5346,191.7981,609.9889,1.5708,1.2217,-2.8095
308.9039,187.8276,609.9889,1.5708,1.2217,-2.8737
310.0158,183.7774,609.9889,1.5708,1.2217,-2.9378
310.8657,179.6643,609.9889,1.5708,1.2217,-3.0020
311.4501,175.5052,609.9889,1.5708,1.2217,-3.0662
311.7665,171.3171,609.9889,1.5708,1.2217,-3.1304
311.8137,167.1174,609.9889,1.5708,1.2217,-3.1945
311.5915,162.9233,609.9889,1.5708,1.2217,-3.2587
311.0540,158.3548,609.9889,1.5708,1.2217,-3.3173
310.1800,153.4318,609.9889,1.5708,1.2217,-3.3712
309.1786,149.1472,609.9889,1.5708,1.2217,-3.4325
308.0889,145.5068,609.9889,1.5708,1.2217,-3.5034
306.9563,142.5140,609.9889,1.5708,1.2217,-3.5876
305.6621,139.8075,609.9889,1.5708,1.2217,-3.6775
304.1304,137.2280,609.9889,1.5708,1.2217,-3.7673
302.3734,134.7963,609.9889,1.5708,1.2217,-3.8571
300.4053,132.5321,609.9889,1.5708,1.2217,-3.9470
298.2420,130.4536,609.9889,1.5708,1.2217,-4.0368
295.5888,128.3275,609.9889,1.5708,1.2217,-4.1161
292.7756,126.4181,609.9889,1.5708,1.2217,-4.1954
289.4722,124.5398,609.9889,1.5708,1.2217,-4.2663
286.0441,122.9003,609.9889,1.5708,1.2217,-4.3372
282.1362,121.3613,609.9889,1.5708,1.2217,-4.4014
277.7569,119.9537,609.9889,1.5708,1.2217,-4.4600
273.3026,118.8049,609.9889,1.5708,1.2217,-4.5186
268.3963,117.8420,609.9889,1.5708,1.2217,-4.5725
263.4451,117.1447,609.9889,1.5708,1.2217,-4.6264
259.0614,116.7668,609.9889,1.5708,1.2217,-4.6877
254.2628,116.6481,609.9889,1.5708,1.2217,-4.7438
249.4652,116.7989,609.9889,1.5708,1.2217,-4.8000
244.6836,117.2186,609.9889,1.5708,1.2217,-4.8561
239.9331,117.9061,609.9889,1.5708,1.2217,-4.9123
234.8366,118.9385,609.9889,1.5708,1.2217,-4.9641
229.4130,120.3332,609.9889,1.5708,1.2217,-5.0122
224.0629,121.9872,609.9889,1.5708,1.2217,-5.0603
218.7985,123.8967,609.9889,1.5708,1.2217,-5.1085
214.1856,125.8258,609.9889,1.5708,1.2217,-5.1624
210.2236,127.7396,609.9889,1.5708,1.2217,-5.2236
206.3862,129.8924,609.9889,1.5708,1.2217,-5.2849
202.6878,132.2760,609.9889,1.5708,1.2217,-5.3462
199.6258,134.5263,609.9889,1.5708,1.2217,-5.4171
197.1880,136.5993,609.9889,1.5708,1.2217,-5.5013
195.0742,138.7281,609.9889,1.5708,1.2217,-5.5912
193.1598,141.0379,609.9889,1.5708,1.2217,-5.6810
191.4605,143.5102,609.9889,1.5708,1.2217,-5.7708
189.7937,146.4736,609.9889,1.5708,1.2217,-5.8501
188.5347,149.1967,609.9889,1.5708,1.2217,-5.9400
187.3905,152.3983,609.9889,1.5708,1.2217,-6.0192
186.5034,155.6806,609.9889,1.5708,1.2217,-6.0985
185.8791,159.0228,609.9889,1.5708,1.2217,-6.1778
185.4792,162.8017,609.9889,1.5708,1.2217,-6.2487
185.3482,166.5994,609.9889,1.5708,1.2217,-0.0364
185.5012,170.7966,609.9889,1.5708,1.2217,-0.1006
185.9231,174.9754,609.9889,1.5708,1.2217,-0.1648
186.6121,179.1185,609.9889,1.5708,1.2217,-0.2290
187.6561,183.5984,609.9889,1.5708,1.2217,-0.2876
189.0741,188.3931,609.9889,1.5708,1.2217,-0.3415
190.7485,193.1045,609.9889,1.5708,1.2217,-0.3954
192.4431,197.1650,609.9889,1.5708,1.2217,-0.4566
194.5595,201.4733,609.9889,1.5708,1.2217,-0.5128
196.9144,205.6559,609.9889,1.5708,1.2217,-0.5689
199.7157,210.0368,609.9889,1.5708,1.2217,-0.6208
202.9730,214.5921,609.9889,1.5708,1.2217,-0.6689
206.4456,218.9854,609.9889,1.5708,1.2217,-0.7170
210.3884,223.5080,609.9889,1.5708,1.2217,-0.7619
214.1162,227.4149,609.9889,1.5708,1.2217,-0.8119
217.5989,230.7180,609.9889,1.5708,1.2217,-0.8680
221.2615,233.8205,609.9889,1.5708,1.2217,-0.9242
224.6135,236.3511,609.9889,1.5708,1.2217,-0.9883
227.6199,238.3314,609.9889,1.5708,1.2217,-1.0632
230.2417,239.7896,609.9889,1.5708,1.2217,-1.1530
232.9837,241.0068,609.9889,1.5708,1.2217,-1.2429
236.2025,242.1018,609.9889,1.5708,1.2217,-1.3222
239.1102,242.8401,609.9889,1.5708,1.2217,-1.4120
242.4675,243.3777,609.9889,1.5708,1.2217,-1.4913
245.8567,243.6478,609.9889,1.5708,1.2217,-1.5705
248.8567,243.6486,609.9889,1.5708,1.2217,-1.6604
251.8447,243.3802,609.9889,1.5708,1.2217,-1.7502
254.7965,242.8448,609.9889,1.5708,1.2217,-1.8401
257.6884,242.0467,609.9889,1.5708,1.2217,-1.9299
260.4970,240.9924,609.9889,1.5708,1.2217,-2.0198
263.1997,239.6903,609.9889,1.5708,1.2217,-2.1096
265.7747,238.1510,609.9889,1.5708,1.2217,-2.1994
268.5247,236.1516,609.9889,1.5708,1.2217,-2.2787
271.4117,233.6807,609.9889,1.5708,1.2217,-2.3496
273.6892,231.4328,609.9889,1.5708,1.2217,-2.4339
275.7695,229.0013,609.9889,1.5708,1.2217,-2.5181
277.5212,226.5658,609.9889,1.5708,1.2217,-2.6079
279.0472,223.9829,609.9889,1.5708,1.2217,-2.6978
280.3354,221.2735,609.9889,1.5708,1.2217,-2.7876
281.5139,218.0843,609.9889,1.5708,1.2217,-2.8669
282.4362,214.8118,609.9889,1.5708,1.2217,-2.9462
283.0187,211.8689,609.9889,1.5708,1.2217,-3.0360
283.3349,208.8856,609.9889,1.5708,1.2217,-3.1259
283.3821,205.8860,609.9889,1.5708,1.2217,-3.2157
283.1600,202.8942,609.9889,1.5708,1.2217,-3.3055
282.6051,199.5398,609.9889,1.5708,1.2217,-3.3848
281.7863,196.2399,609.9889,1.5708,1.2217,-3.4641
280.5819,192.6358,609.9889,1.5708,1.2217,-3.5350
279.1252,189.1261,609.9889,1.5708,1.2217,-3.6059
277.4234,185.7285,609.9889,1.5708,1.2217,-3.6769
275.4851,182.4600,609.9889,1.5708,1.2217,-3.7478
273.0922,179.0083,609.9889,1.5708,1.2217,-3.8120
270.4828,175.7173,609.9889,1.5708,1.2217,-3.8761
267.3996,172.3035,609.9889,1.5708,1.2217,-3.9347
264.1218,169.0761,609.9889,1.5708,1.2217,-3.9933
260.6607,166.0461,609.9889,1.5708,1.2217,-4.0519
257.0280,163.2241,609.9889,1.5708,1.2217,-4.1105
253.2363,160.6196,609.9889,1.5708,1.2217,-4.1691
249.2987,158.2417,609.9889,1.5708,1.2217,-4.2277
244.8746,155.9120,609.9889,1.5708,1.2217,-4.2816
240.3314,153.8241,609.9889,1.5708,1.2217,-4.3355
235.3104,151.8368,609.9889,1.5708,1.2217,-4.3854
230.1964,150.1025,609.9889,1.5708,1.2217,-4.4353
224.6176,148.5161,609.9889,1.5708,1.2217,-4.4818
218.9711,147.1905,609.9889,1.5708,1.2217,-4.5283
213.2691,146.1287,609.9889,1.5708,1.2217,-4.5747
208.1183,145.4152,609.9889,1.5708,1.2217,-4.6266
202.9375,144.9695,609.9889,1.5708,1.2217,-4.6784
197.3407,144.7793,609.9889,1.5708,1.2217,-4.7265
192.3412,144.8501,609.9889,1.5708,1.2217,-4.7804
187.3528,145.1901,609.9889,1.5708,1.2217,-4.8344
182.9855,145.7254,609.9889,1.5708,1.2217,-4.8956
178.6591,146.5271,609.9889,1.5708,1.2217,-4.9569
174.0018,147.6889,609.9889,1.5708,1.2217,-5.0130
169.0350,149.2287,609.9889,1.5708,1.2217,-5.0648
164.7178,150.8167,609.9889,1.5708,1.2217,-5.1234
160.5010,152.6547,609.9889,1.5708,1.2217,-5.1820
156.0424,154.9176,609.9889,1.5708,1.2217,-5.2359
151.3657,157.6174,609.9889,1.5708,1.2217,-5.2859
146.8296,160.5471,609.9889,1.5708,1.2217,-5.3358
142.4452,163.6995,609.9889,1.5708,1.2217,-5.3857
138.2236,167.0668,609.9889,1.5708,1.2217,-5.4356
134.6251,170.2433,609.9889,1.5708,1.2217,-5.4917
131.6374,173.1952,609.9889,1.5708,1.2217,-5.5559
128.5792,176.6313,609.9889,1.5708,1.2217,-5.6145
125.4794,180.5546,609.9889,1.5708,1.2217,-5.6684
122.3648,184.9658,609.9889,1.5708,1.2217,-5.7183
119.4742,189.5270,609.9889,1.5708,1.2217,-5.7682
116.8148,194.2268,609.9889,1.5708,1.2217,-5.8182
114.6622,198.5170,609.9889,1.5708,1.2217,-5.8743
112.7538,202.9213,609.9889,1.5708,1.2217,-5.9305
110.9574,207.8012,609.9889,1.5708,1.2217,-5.9823
109.2977,213.1496,609.9889,1.5708,1.2217,-6.0304
108.0473,217.9907,609.9889,1.5708,1.2217,-6.0843
106.9805,223.2843,609.9889,1.5708,1.2217,-6.1342
106.1791,228.6245,609.9889,1.5708,1.2217,-6.1841
105.6452,233.9980,609.9889,1.5708,1.2217,-6.2341
105.3604,239.7910,609.9889,1.5708,1.2217,-6.2805
105.3466,244.9910,609.9889,1.5708,1.2217,-0.0492
105.6022,250.1847,609.9889,1.5708,1.2217,-0.1010
106.1669,255.7562,609.9889,1.5708,1.2217,-0.1491
106.9990,261.2940,609.9889,1.5708,1.2217,-0.1973
107.9789,266.1970,609.9889,1.5708,1.2217,-0.2512
109.3210,271.4276,609.9889,1.5708,1.2217,-0.3011
110.9225,276.5847,609.9889,1.5708,1.2217,-0.3510
112.7792,281.6554,609.9889,1.5708,1.2217,-0.4009
114.8866,286.6273,609.9889,1.5708,1.2217,-0.4508
117.4137,291.8478,609.9889,1.5708,1.2217,-0.4973
120.3714,297.2968,609.9889,1.5708,1.2217,-0.5408
123.7690,302.9551,609.9889,1.5708,1.2217,-0.5816
127.3948,308.4699,609.9889,1.5708,1.2217,-0.6224
130.8930,313.3447,609.9889,1.5708,1.2217,-0.6674
134.2351,317.5861,609.9889,1.5708,1.2217,-0.7173
137.7847,321.6556,609.9889,1.5708,1.2217,-0.7672
141.5329,325.5428,609.9889,1.5708,1.2217,-0.8171
145.0329,328.8277,609.9889,1.5708,1.2217,-0.8733
148.7117,331.9109,609.9889,1.5708,1.2217,-0.9294
152.8783,335.0221,609.9889,1.5708,1.2217,-0.9812
157.2005,337.9133,609.9889,1.5708,1.2217,-1.0331
161.6666,340.5766,609.9889,1.5708,1.2217,-1.0849
166.2648,343.0050,609.9889,1.5708,1.2217,-1.1367
171.3454,345.3602,609.9889,1.5708,1.2217,-1.1849
176.9041,347.6187,609.9889,1.5708,1.2217,-1.2298
182.5586,349.6254,609.9889,1.5708,1.2217,-1.2747
188.2975,351.3761,609.9889,1.5708,1.2217,-1.3196
193.5281,352.7182,609.9889,1.5708,1.2217,-1.3695
198.8191,353.7976,609.9889,1.5708,1.2217,-1.4195
204.5528,354.6721,609.9889,1.5708,1.2217,-1.4659
210.3209,355.2793,609.9889,1.5708,1.2217,-1.5124
216.1110,355.6178,609.9889,1.5708,1.2217,-1.5589
221.9106,355.6870,609.9889,1.5708,1.2217,-1.6053
227.1075,355.5075,609.9889,1.5708,1.2217,-1.6572
232.2881,355.0589,609.9889,1.5708,1.2217,-1.7090
237.4386,354.3426,609.9889,1.5708,1.2217,-1.7608
242.9378,353.2848,609.9889,1.5708,1.2217,-1.8090
248.3797,351.9636,609.9889,1.5708,1.2217,-1.8571
253.7517,350.3822,609.9889,1.5708,1.2217,-1.9052
259.0415,348.5442,609.9889,1.5708,1.2217,-1.9533
264.2367,346.4537,609.9889,1.5708,1.2217,-2.0015
269.3253,344.1158,609.9889,1.5708,1.2217,-2.0496
274.6506,341.3514,609.9889,1.5708,1.2217,-2.0945
280.1927,338.1507,609.9889,1.5708,1.2217,-2.1366
285.0887,335.0411,609.9889,1.5708,1.2217,-2.1831
289.8349,331.7075,609.9889,1.5708,1.2217,-2.2296
294.4212,328.1570,609.9889,1.5708,1.2217,-2.2761
298.8376,324.3972,609.9889,1.5708,1.2217,-2.3225
302.6362,320.8461,609.9889,1.5708,1.2217,-2.3744
306.2458,317.1030,609.9889,1.5708,1.2217,-2.4262
309.2630,313.6308,609.9889,1.5708,1.2217,-2.4848
312.0718,309.9879,609.9889,1.5708,1.2217,-2.5434
314.3245,306.6825,609.9889,1.5708,1.2217,-2.6108
316.5520,302.8880,609.9889,1.5708,1.2217,-2.6720
318.5430,298.9643,609.9889,1.5708,1.2217,-2.7333
320.4490,294.5589,609.9889,1.5708,1.2217,-2.7894
321.8977,290.6167,609.9889,1.5708,1.2217,-2.8536
323.0906,286.5896,609.9889,1.5708,1.2217,-2.9178
324.0229,282.4944,609.9889,1.5708,1.2217,-2.9819
324.6906,278.3478,609.9889,1.5708,1.2217,-3.0461
325.0910,274.1669,609.9889,1.5708,1.2217,-3.1103
325.2224,269.9690,609.9889,1.5708,1.2217,-3.1745
325.0713,265.3715,609.9889,1.5708,1.2217,-3.2331
324.7059,261.3882,609.9889,1.5708,1.2217,-3.3004
324.0100,257.0436,609.9889,1.5708,1.2217,-3.3617
323.1803,253.3353,609.9889,1.5708,1.2217,-3.4326
322.0900,249.6951,609.9889,1.5708,1.2217,-3.5035
320.9568,246.7024,609.9889,1.5708,1.2217,-3.5878
319.5760,243.8157,609.9889,1.5708,1.2217,-3.6720
317.9571,241.0554,609.9889,1.5708,1.2217,-3.7562
315.8811,238.1142,609.9889,1.5708,1.2217,-3.8311
313.3365,235.0280,609.9889,1.5708,1.2217,-3.8985
311.0019,232.5563,609.9889,1.5708,1.2217,-3.9778
308.4788,230.2772,609.9889,1.5708,1.2217,-4.0570
305.7832,228.2051,609.9889,1.5708,1.2217,-4.1363
302.9320,226.3529,609.9889,1.5708,1.2217,-4.2156
300.2946,224.9230,609.9889,1.5708,1.2217,-4.3054
297.5397,223.7355,609.9889,1.5708,1.2217,-4.3953
294.6893,222.8000,609.9889,1.5708,1.2217,-4.4851
291.3767,222.0338,609.9889,1.5708,1.2217,-4.5644
288.4095,221.5914,609.9889,1.5708,1.2217,-4.6542
285.4146,221.4170,609.9889,1.5708,1.2217,-4.7441
282.0163,221.5246,609.9889,1.5708,1.2217,-4.8233
279.0348,221.8568,609.9889,1.5708,1.2217,-4.9132
276.0950,222.4551,609.9889,1.5708,1.2217,-5.0030
272.8376,223.4294,609.9889,1.5708,1.2217,-5.0823
269.6676,224.6585,609.9889,1.5708,1.2217,-5.1616
266.6048,226.1349,609.9889,1.5708,1.2217,-5.2408
264.0140,227.6475,609.9889,1.5708,1.2217,-5.3307
261.2435,229.6182,609.9889,1.5708,1.2217,-5.4099
258.6377,231.8022,609.9889,1.5708,1.2217,-5.4892
256.2130,234.1857,609.9889,1.5708,1.2217,-5.5685
254.2469,236.4516,609.9889,1.5708,1.2217,-5.6583
252.4919,238.8848,609.9889,1.5708,1.2217,-5.7482
250.9624,241.4656,609.9889,1.5708,1.2217,-5.8380
249.6706,244.1732,609.9889,1.5708,1.2217,-5.9279
248.4877,247.3608,609.9889,1.5708,1.2217,-6.0071
247.5611,250.6321,609.9889,1.5708,1.2217,-6.0864
246.8963,253.9665,609.9889,1.5708,1.2217,-6.1657
246.4977,257.3430,609.9889,1.5708,1.2217,-6.2450
246.3678,260.7405,609.9889,1.5708,1.2217,-0.0410
246.5073,264.1377,609.9889,1.5708,1.2217,-0.1203
246.9154,267.5131,609.9889,1.5708,1.2217,-0.1996
247.5895,270.8456,609.9889,1.5708,1.2217,-0.2789
248.4153,273.7297,609.9889,1.5708,1.2217,-0.3687
249.4965,276.5281,609.9889,1.5708,1.2217,-0.4585
251.0015,279.5769,609.9889,1.5708,1.2217,-0.5378
252.5383,282.1533,609.9889,1.5708,1.2217,-0.6277
254.5349,284.9053,609.9889,1.5708,1.2217,-0.7069
256.4835,287.1864,609.9889,1.5708,1.2217,-0.7968
258.9148,289.5630,609.9889,1.5708,1.2217,-0.8761
261.2195,291.4836,609.9889,1.5708,1.2217,-0.9659
264.0162,293.4171,609.9889,1.5708,1.2217,-1.0452
267.3032,295.3238,609.9889,1.5708,1.2217,-1.1161
